Row1,Row2
-65.80886,-68.41796
-66.12762,-67.62329
-66.83913,-66.99631
-67.26959,-66.72313
